http://edh-www.adw.uni-heidelberg.de/edh/person/HD046387/1,http://data.snapdrgn.net/person/3818
http://edh-www.adw.uni-heidelberg.de/edh/person/HD069304/1,http://data.snapdrgn.net/person/1924
http://edh-www.adw.uni-heidelberg.de/edh/person/HD025049/1,http://data.snapdrgn.net/person/7687
http://edh-www.adw.uni-heidelberg.de/edh/person/HD043177/1,http://data.snapdrgn.net/person/4772
http://edh-www.adw.uni-heidelberg.de/edh/person/HD067242/1,http://data.snapdrgn.net/person/3513
http://edh-www.adw.uni-heidelberg.de/edh/person/HD067863/1,http://data.snapdrgn.net/person/614
http://edh-www.adw.uni-heidelberg.de/edh/person/HD004074/1,http://data.snapdrgn.net/person/6606
http://edh-www.adw.uni-heidelberg.de/edh/person/HD004897/1,http://data.snapdrgn.net/person/6997
http://edh-www.adw.uni-heidelberg.de/edh/person/HD031443/1,http://data.snapdrgn.net/person/7637
http://edh-www.adw.uni-heidelberg.de/edh/person/HD038572/1,http://data.snapdrgn.net/person/4443
http://edh-www.adw.uni-heidelberg.de/edh/person/HD031546/1,http://data.snapdrgn.net/person/4890
http://edh-www.adw.uni-heidelberg.de/edh/person/HD024769/1,http://data.snapdrgn.net/person/3513
http://edh-www.adw.uni-heidelberg.de/edh/person/HD061983/1,http://data.snapdrgn.net/person/4387
http://edh-www.adw.uni-heidelberg.de/edh/person/HD031492/1,http://data.snapdrgn.net/person/430
http://edh-www.adw.uni-heidelberg.de/edh/person/HD033409/1,http://data.snapdrgn.net/person/10313
http://edh-www.adw.uni-heidelberg.de/edh/person/HD071616/1,http://data.snapdrgn.net/person/5432
http://edh-www.adw.uni-heidelberg.de/edh/person/HD008110/1,http://data.snapdrgn.net/person/3205
http://edh-www.adw.uni-heidelberg.de/edh/person/HD048886/1,http://data.snapdrgn.net/person/8221
http://edh-www.adw.uni-heidelberg.de/edh/person/HD019308/1,http://data.snapdrgn.net/person/8410
http://edh-www.adw.uni-heidelberg.de/edh/person/HD032366/1,http://data.snapdrgn.net/person/6702
http://edh-www.adw.uni-heidelberg.de/edh/person/HD033591/1,http://data.snapdrgn.net/person/4387
http://edh-www.adw.uni-heidelberg.de/edh/person/HD031021/1,http://data.snapdrgn.net/person/9054
http://edh-www.adw.uni-heidelberg.de/edh/person/HD067974/1,http://data.snapdrgn.net/person/1979
http://edh-www.adw.uni-heidelberg.de/edh/person/HD059963/1,http://data.snapdrgn.net/person/8892
http://edh-www.adw.uni-heidelberg.de/edh/person/HD025236/1,http://data.snapdrgn.net/person/734
http://edh-www.adw.uni-heidelberg.de/edh/person/HD035692/1,http://data.snapdrgn.net/person/10111
http://edh-www.adw.uni-heidelberg.de/edh/person/HD067931/1,http://data.snapdrgn.net/person/5432
http://edh-www.adw.uni-heidelberg.de/edh/person/HD022304/1,http://data.snapdrgn.net/person/9406
http://edh-www.adw.uni-heidelberg.de/edh/person/HD032333/1,http://data.snapdrgn.net/person/5175
http://edh-www.adw.uni-heidelberg.de/edh/person/HD068315/1,http://data.snapdrgn.net/person/3767
http://edh-www.adw.uni-heidelberg.de/edh/person/HD032426/1,http://data.snapdrgn.net/person/2767
http://edh-www.adw.uni-heidelberg.de/edh/person/HD035350/1,http://data.snapdrgn.net/person/4044
http://edh-www.adw.uni-heidelberg.de/edh/person/HD021377/1,http://data.snapdrgn.net/person/9030
http://edh-www.adw.uni-heidelberg.de/edh/person/HD029688/1,http://data.snapdrgn.net/person/9658
http://edh-www.adw.uni-heidelberg.de/edh/person/HD021784/1,http://data.snapdrgn.net/person/7933
http://edh-www.adw.uni-heidelberg.de/edh/person/HD004885/1,http://data.snapdrgn.net/person/5723
http://edh-www.adw.uni-heidelberg.de/edh/person/HD021622/1,http://data.snapdrgn.net/person/9354
http://edh-www.adw.uni-heidelberg.de/edh/person/HD038012/1,http://data.snapdrgn.net/person/7254
http://edh-www.adw.uni-heidelberg.de/edh/person/HD042953/1,http://data.snapdrgn.net/person/5752
http://edh-www.adw.uni-heidelberg.de/edh/person/HD033517/1,http://data.snapdrgn.net/person/7764
http://edh-www.adw.uni-heidelberg.de/edh/person/HD009701/1,http://data.snapdrgn.net/person/8076
http://edh-www.adw.uni-heidelberg.de/edh/person/HD033433/1,http://data.snapdrgn.net/person/5323
http://edh-www.adw.uni-heidelberg.de/edh/person/HD013186/1,http://data.snapdrgn.net/person/8481
http://edh-www.adw.uni-heidelberg.de/edh/person/HD033400/1,http://data.snapdrgn.net/person/9674
http://edh-www.adw.uni-heidelberg.de/edh/person/HD014836/1,http://data.snapdrgn.net/person/2672
http://edh-www.adw.uni-heidelberg.de/edh/person/HD068983/1,http://data.snapdrgn.net/person/4913
http://edh-www.adw.uni-heidelberg.de/edh/person/HD071178/1,http://data.snapdrgn.net/person/8257
http://edh-www.adw.uni-heidelberg.de/edh/person/HD042996/1,http://data.snapdrgn.net/person/7615
http://edh-www.adw.uni-heidelberg.de/edh/person/HD045127/1,http://data.snapdrgn.net/person/8907
http://edh-www.adw.uni-heidelberg.de/edh/person/HD049325/1,http://data.snapdrgn.net/person/3818
http://edh-www.adw.uni-heidelberg.de/edh/person/HD033473/1,http://data.snapdrgn.net/person/7606
http://edh-www.adw.uni-heidelberg.de/edh/person/HD067854/1,http://data.snapdrgn.net/person/6784
http://edh-www.adw.uni-heidelberg.de/edh/person/HD055045/1,http://data.snapdrgn.net/person/8062
http://edh-www.adw.uni-heidelberg.de/edh/person/HD024362/1,http://data.snapdrgn.net/person/5212
http://edh-www.adw.uni-heidelberg.de/edh/person/HD029691/1,http://data.snapdrgn.net/person/1043
http://edh-www.adw.uni-heidelberg.de/edh/person/HD039847/1,http://data.snapdrgn.net/person/1043
http://edh-www.adw.uni-heidelberg.de/edh/person/HD049760/1,http://data.snapdrgn.net/person/7525
http://edh-www.adw.uni-heidelberg.de/edh/person/HD068253/1,http://data.snapdrgn.net/person/9559
http://edh-www.adw.uni-heidelberg.de/edh/person/HD041053/1,http://data.snapdrgn.net/person/3909
http://edh-www.adw.uni-heidelberg.de/edh/person/HD015301/1,http://data.snapdrgn.net/person/7722
http://edh-www.adw.uni-heidelberg.de/edh/person/HD068275/1,http://data.snapdrgn.net/person/1979
http://edh-www.adw.uni-heidelberg.de/edh/person/HD017134/1,http://data.snapdrgn.net/person/1817
http://edh-www.adw.uni-heidelberg.de/edh/person/HD033595/1,http://data.snapdrgn.net/person/7194
http://edh-www.adw.uni-heidelberg.de/edh/person/HD033598/1,http://data.snapdrgn.net/person/7194
http://edh-www.adw.uni-heidelberg.de/edh/person/HD067917/1,http://data.snapdrgn.net/person/5432
http://edh-www.adw.uni-heidelberg.de/edh/person/HD023486/1,http://data.snapdrgn.net/person/7340
http://edh-www.adw.uni-heidelberg.de/edh/person/HD006301/1,http://data.snapdrgn.net/person/1565
http://edh-www.adw.uni-heidelberg.de/edh/person/HD037697/1,http://data.snapdrgn.net/person/3382
http://edh-www.adw.uni-heidelberg.de/edh/person/HD040154/1,http://data.snapdrgn.net/person/1043
http://edh-www.adw.uni-heidelberg.de/edh/person/HD048884/1,http://data.snapdrgn.net/person/3659
http://edh-www.adw.uni-heidelberg.de/edh/person/HD042972/1,http://data.snapdrgn.net/person/7509
http://edh-www.adw.uni-heidelberg.de/edh/person/HD068015/1,http://data.snapdrgn.net/person/3909
http://edh-www.adw.uni-heidelberg.de/edh/person/HD069303/1,http://data.snapdrgn.net/person/4132
http://edh-www.adw.uni-heidelberg.de/edh/person/HD069611/1,http://data.snapdrgn.net/person/2284
http://edh-www.adw.uni-heidelberg.de/edh/person/HD038302/1,http://data.snapdrgn.net/person/2071
http://edh-www.adw.uni-heidelberg.de/edh/person/HD032975/1,http://data.snapdrgn.net/person/10347
http://edh-www.adw.uni-heidelberg.de/edh/person/HD067997/1,http://data.snapdrgn.net/person/4913
http://edh-www.adw.uni-heidelberg.de/edh/person/HD046390/1,http://data.snapdrgn.net/person/1568
http://edh-www.adw.uni-heidelberg.de/edh/person/HD062429/1,http://data.snapdrgn.net/person/3334
http://edh-www.adw.uni-heidelberg.de/edh/person/HD016657/1,http://data.snapdrgn.net/person/5744
http://edh-www.adw.uni-heidelberg.de/edh/person/HD033511/1,http://data.snapdrgn.net/person/6049
http://edh-www.adw.uni-heidelberg.de/edh/person/HD025942/1,http://data.snapdrgn.net/person/4624
http://edh-www.adw.uni-heidelberg.de/edh/person/HD038149/1,http://data.snapdrgn.net/person/10224
http://edh-www.adw.uni-heidelberg.de/edh/person/HD046409/1,http://data.snapdrgn.net/person/83
http://edh-www.adw.uni-heidelberg.de/edh/person/HD052926/1,http://data.snapdrgn.net/person/5523
http://edh-www.adw.uni-heidelberg.de/edh/person/HD026604/1,http://data.snapdrgn.net/person/5523
http://edh-www.adw.uni-heidelberg.de/edh/person/HD068036/1,http://data.snapdrgn.net/person/614
http://edh-www.adw.uni-heidelberg.de/edh/person/HD009700/1,http://data.snapdrgn.net/person/3818
http://edh-www.adw.uni-heidelberg.de/edh/person/HD015245/1,http://data.snapdrgn.net/person/4490
http://edh-www.adw.uni-heidelberg.de/edh/person/HD020753/1,http://data.snapdrgn.net/person/6697
http://edh-www.adw.uni-heidelberg.de/edh/person/HD043172/1,http://data.snapdrgn.net/person/5635
http://edh-www.adw.uni-heidelberg.de/edh/person/HD032519/1,http://data.snapdrgn.net/person/9513
http://edh-www.adw.uni-heidelberg.de/edh/person/HD021997/1,http://data.snapdrgn.net/person/3635
http://edh-www.adw.uni-heidelberg.de/edh/person/HD018414/1,http://data.snapdrgn.net/person/6458
http://edh-www.adw.uni-heidelberg.de/edh/person/HD038282/1,http://data.snapdrgn.net/person/5698
http://edh-www.adw.uni-heidelberg.de/edh/person/HD004544/1,http://data.snapdrgn.net/person/5332
http://edh-www.adw.uni-heidelberg.de/edh/person/HD034168/1,http://data.snapdrgn.net/person/9658
http://edh-www.adw.uni-heidelberg.de/edh/person/HD033316/1,http://data.snapdrgn.net/person/5620
http://edh-www.adw.uni-heidelberg.de/edh/person/HD067932/1,http://data.snapdrgn.net/person/3994
http://edh-www.adw.uni-heidelberg.de/edh/person/HD038518/1,http://data.snapdrgn.net/person/1366
http://edh-www.adw.uni-heidelberg.de/edh/person/HD046385/1,http://data.snapdrgn.net/person/3818
http://edh-www.adw.uni-heidelberg.de/edh/person/HD052302/1,http://data.snapdrgn.net/person/9053
http://edh-www.adw.uni-heidelberg.de/edh/person/HD001771/1,http://data.snapdrgn.net/person/6997
http://edh-www.adw.uni-heidelberg.de/edh/person/HD026698/1,http://data.snapdrgn.net/person/8043
http://edh-www.adw.uni-heidelberg.de/edh/person/HD033505/1,http://data.snapdrgn.net/person/4276
http://edh-www.adw.uni-heidelberg.de/edh/person/HD041054/1,http://data.snapdrgn.net/person/3909
http://edh-www.adw.uni-heidelberg.de/edh/person/HD069724/1,http://data.snapdrgn.net/person/9245
http://edh-www.adw.uni-heidelberg.de/edh/person/HD058128/1,http://data.snapdrgn.net/person/1043
http://edh-www.adw.uni-heidelberg.de/edh/person/HD070868/1,http://data.snapdrgn.net/person/9030
http://edh-www.adw.uni-heidelberg.de/edh/person/HD067864/1,http://data.snapdrgn.net/person/5623
http://edh-www.adw.uni-heidelberg.de/edh/person/HD009709/1,http://data.snapdrgn.net/person/4951
http://edh-www.adw.uni-heidelberg.de/edh/person/HD030997/1,http://data.snapdrgn.net/person/3461
http://edh-www.adw.uni-heidelberg.de/edh/person/HD052924/1,http://data.snapdrgn.net/person/5523
http://edh-www.adw.uni-heidelberg.de/edh/person/HD060431/1,http://data.snapdrgn.net/person/3842
http://edh-www.adw.uni-heidelberg.de/edh/person/HD007017/1,http://data.snapdrgn.net/person/2902
http://edh-www.adw.uni-heidelberg.de/edh/person/HD048887/1,http://data.snapdrgn.net/person/2448
http://edh-www.adw.uni-heidelberg.de/edh/person/HD053709/1,http://data.snapdrgn.net/person/9339
http://edh-www.adw.uni-heidelberg.de/edh/person/HD033272/1,http://data.snapdrgn.net/person/4883
http://edh-www.adw.uni-heidelberg.de/edh/person/HD014579/1,http://data.snapdrgn.net/person/6582
http://edh-www.adw.uni-heidelberg.de/edh/person/HD009487/1,http://data.snapdrgn.net/person/3909
http://edh-www.adw.uni-heidelberg.de/edh/person/HD011035/1,http://data.snapdrgn.net/person/6997
http://edh-www.adw.uni-heidelberg.de/edh/person/HD033355/1,http://data.snapdrgn.net/person/1731
http://edh-www.adw.uni-heidelberg.de/edh/person/HD039165/1,http://data.snapdrgn.net/person/8191
http://edh-www.adw.uni-heidelberg.de/edh/person/HD049002/1,http://data.snapdrgn.net/person/2485
http://edh-www.adw.uni-heidelberg.de/edh/person/HD053700/1,http://data.snapdrgn.net/person/6995
http://edh-www.adw.uni-heidelberg.de/edh/person/HD073559/1,http://data.snapdrgn.net/person/4779
http://edh-www.adw.uni-heidelberg.de/edh/person/HD066798/1,http://data.snapdrgn.net/person/938
http://edh-www.adw.uni-heidelberg.de/edh/person/HD033912/1,http://data.snapdrgn.net/person/70
http://edh-www.adw.uni-heidelberg.de/edh/person/HD001578/1,http://data.snapdrgn.net/person/784
http://edh-www.adw.uni-heidelberg.de/edh/person/HD033313/1,http://data.snapdrgn.net/person/5620
http://edh-www.adw.uni-heidelberg.de/edh/person/HD039247/1,http://data.snapdrgn.net/person/8325
http://edh-www.adw.uni-heidelberg.de/edh/person/HD046355/1,http://data.snapdrgn.net/person/6997
http://edh-www.adw.uni-heidelberg.de/edh/person/HD032423/1,http://data.snapdrgn.net/person/5277
http://edh-www.adw.uni-heidelberg.de/edh/person/HD043501/1,http://data.snapdrgn.net/person/6195
http://edh-www.adw.uni-heidelberg.de/edh/person/HD008979/1,http://data.snapdrgn.net/person/4076
http://edh-www.adw.uni-heidelberg.de/edh/person/HD048703/1,http://data.snapdrgn.net/person/1218
http://edh-www.adw.uni-heidelberg.de/edh/person/HD058435/1,http://data.snapdrgn.net/person/6582
http://edh-www.adw.uni-heidelberg.de/edh/person/HD024571/1,http://data.snapdrgn.net/person/3546
http://edh-www.adw.uni-heidelberg.de/edh/person/HD069222/1,http://data.snapdrgn.net/person/6185
http://edh-www.adw.uni-heidelberg.de/edh/person/HD038566/1,http://data.snapdrgn.net/person/7594
http://edh-www.adw.uni-heidelberg.de/edh/person/HD071266/1,http://data.snapdrgn.net/person/784
http://edh-www.adw.uni-heidelberg.de/edh/person/HD026584/1,http://data.snapdrgn.net/person/5978
http://edh-www.adw.uni-heidelberg.de/edh/person/HD028513/1,http://data.snapdrgn.net/person/3513
http://edh-www.adw.uni-heidelberg.de/edh/person/HD046391/1,http://data.snapdrgn.net/person/3330
http://edh-www.adw.uni-heidelberg.de/edh/person/HD024843/1,http://data.snapdrgn.net/person/3452
http://edh-www.adw.uni-heidelberg.de/edh/person/HD070069/1,http://data.snapdrgn.net/person/8095
http://edh-www.adw.uni-heidelberg.de/edh/person/HD053922/1,http://data.snapdrgn.net/person/6995
http://edh-www.adw.uni-heidelberg.de/edh/person/HD031471/1,http://data.snapdrgn.net/person/7845
http://edh-www.adw.uni-heidelberg.de/edh/person/HD067398/1,http://data.snapdrgn.net/person/10224
http://edh-www.adw.uni-heidelberg.de/edh/person/HD032435/1,http://data.snapdrgn.net/person/618
http://edh-www.adw.uni-heidelberg.de/edh/person/HD013789/1,http://data.snapdrgn.net/person/2495
http://edh-www.adw.uni-heidelberg.de/edh/person/HD019347/1,http://data.snapdrgn.net/person/7722
http://edh-www.adw.uni-heidelberg.de/edh/person/HD034587/1,http://data.snapdrgn.net/person/1043
http://edh-www.adw.uni-heidelberg.de/edh/person/HD033562/1,http://data.snapdrgn.net/person/6483
http://edh-www.adw.uni-heidelberg.de/edh/person/HD070806/1,http://data.snapdrgn.net/person/168
http://edh-www.adw.uni-heidelberg.de/edh/person/HD023332/1,http://data.snapdrgn.net/person/10398
http://edh-www.adw.uni-heidelberg.de/edh/person/HD047940/1,http://data.snapdrgn.net/person/10211
http://edh-www.adw.uni-heidelberg.de/edh/person/HD055489/1,http://data.snapdrgn.net/person/1122
http://edh-www.adw.uni-heidelberg.de/edh/person/HD033568/1,http://data.snapdrgn.net/person/10705
http://edh-www.adw.uni-heidelberg.de/edh/person/HD023844/1,http://data.snapdrgn.net/person/8043
http://edh-www.adw.uni-heidelberg.de/edh/person/HD032405/1,http://data.snapdrgn.net/person/9649
http://edh-www.adw.uni-heidelberg.de/edh/person/HD033508/1,http://data.snapdrgn.net/person/6049
http://edh-www.adw.uni-heidelberg.de/edh/person/HD043922/1,http://data.snapdrgn.net/person/7594
http://edh-www.adw.uni-heidelberg.de/edh/person/HD049512/1,http://data.snapdrgn.net/person/10870
http://edh-www.adw.uni-heidelberg.de/edh/person/HD016978/1,http://data.snapdrgn.net/person/8672
http://edh-www.adw.uni-heidelberg.de/edh/person/HD022810/1,http://data.snapdrgn.net/person/4342
http://edh-www.adw.uni-heidelberg.de/edh/person/HD068065/1,http://data.snapdrgn.net/person/5229
http://edh-www.adw.uni-heidelberg.de/edh/person/HD046662/1,http://data.snapdrgn.net/person/6997
http://edh-www.adw.uni-heidelberg.de/edh/person/HD034543/1,http://data.snapdrgn.net/person/8529
http://edh-www.adw.uni-heidelberg.de/edh/person/HD060424/1,http://data.snapdrgn.net/person/1623
http://edh-www.adw.uni-heidelberg.de/edh/person/HD020358/1,http://data.snapdrgn.net/person/3818
http://edh-www.adw.uni-heidelberg.de/edh/person/HD067859/1,http://data.snapdrgn.net/person/5014
http://edh-www.adw.uni-heidelberg.de/edh/person/HD074765/1,http://data.snapdrgn.net/person/614
http://edh-www.adw.uni-heidelberg.de/edh/person/HD033370/1,http://data.snapdrgn.net/person/3785
http://edh-www.adw.uni-heidelberg.de/edh/person/HD014013/1,http://data.snapdrgn.net/person/1177
http://edh-www.adw.uni-heidelberg.de/edh/person/HD038155/1,http://data.snapdrgn.net/person/10290
http://edh-www.adw.uni-heidelberg.de/edh/person/HD046383/1,http://data.snapdrgn.net/person/8102
http://edh-www.adw.uni-heidelberg.de/edh/person/HD026689/1,http://data.snapdrgn.net/person/8043
http://edh-www.adw.uni-heidelberg.de/edh/person/HD044120/1,http://data.snapdrgn.net/person/7524
http://edh-www.adw.uni-heidelberg.de/edh/person/HD056159/1,http://data.snapdrgn.net/person/10466
http://edh-www.adw.uni-heidelberg.de/edh/person/HD073150/1,http://data.snapdrgn.net/person/8907
http://edh-www.adw.uni-heidelberg.de/edh/person/HD004422/1,http://data.snapdrgn.net/person/2576
http://edh-www.adw.uni-heidelberg.de/edh/person/HD068319/1,http://data.snapdrgn.net/person/3767
http://edh-www.adw.uni-heidelberg.de/edh/person/HD031569/1,http://data.snapdrgn.net/person/3620
http://edh-www.adw.uni-heidelberg.de/edh/person/HD058164/1,http://data.snapdrgn.net/person/9354
http://edh-www.adw.uni-heidelberg.de/edh/person/HD058584/1,http://data.snapdrgn.net/person/8114
http://edh-www.adw.uni-heidelberg.de/edh/person/HD043314/1,http://data.snapdrgn.net/person/88
http://edh-www.adw.uni-heidelberg.de/edh/person/HD024846/1,http://data.snapdrgn.net/person/4982
http://edh-www.adw.uni-heidelberg.de/edh/person/HD010931/1,http://data.snapdrgn.net/person/415
http://edh-www.adw.uni-heidelberg.de/edh/person/HD033615/1,http://data.snapdrgn.net/person/9035
http://edh-www.adw.uni-heidelberg.de/edh/person/HD033556/1,http://data.snapdrgn.net/person/6483
http://edh-www.adw.uni-heidelberg.de/edh/person/HD035379/1,http://data.snapdrgn.net/person/9709
http://edh-www.adw.uni-heidelberg.de/edh/person/HD067051/1,http://data.snapdrgn.net/person/7200
http://edh-www.adw.uni-heidelberg.de/edh/person/HD069615/1,http://data.snapdrgn.net/person/7062
http://edh-www.adw.uni-heidelberg.de/edh/person/HD018004/1,http://data.snapdrgn.net/person/6617
http://edh-www.adw.uni-heidelberg.de/edh/person/HD046389/1,http://data.snapdrgn.net/person/5978
http://edh-www.adw.uni-heidelberg.de/edh/person/HD033927/1,http://data.snapdrgn.net/person/8434
http://edh-www.adw.uni-heidelberg.de/edh/person/HD022206/1,http://data.snapdrgn.net/person/4076
http://edh-www.adw.uni-heidelberg.de/edh/person/HD044779/1,http://data.snapdrgn.net/person/6100
http://edh-www.adw.uni-heidelberg.de/edh/person/HD024760/1,http://data.snapdrgn.net/person/2059
http://edh-www.adw.uni-heidelberg.de/edh/person/HD067865/1,http://data.snapdrgn.net/person/2107
http://edh-www.adw.uni-heidelberg.de/edh/person/HD038311/1,http://data.snapdrgn.net/person/5698
http://edh-www.adw.uni-heidelberg.de/edh/person/HD033559/1,http://data.snapdrgn.net/person/6483
http://edh-www.adw.uni-heidelberg.de/edh/person/HD030409/1,http://data.snapdrgn.net/person/1364
http://edh-www.adw.uni-heidelberg.de/edh/person/HD011519/1,http://data.snapdrgn.net/person/4118
http://edh-www.adw.uni-heidelberg.de/edh/person/HD030958/1,http://data.snapdrgn.net/person/1037
http://edh-www.adw.uni-heidelberg.de/edh/person/HD012582/1,http://data.snapdrgn.net/person/2412
http://edh-www.adw.uni-heidelberg.de/edh/person/HD033520/1,http://data.snapdrgn.net/person/7764
http://edh-www.adw.uni-heidelberg.de/edh/person/HD067243/1,http://data.snapdrgn.net/person/3513
http://edh-www.adw.uni-heidelberg.de/edh/person/HD067873/1,http://data.snapdrgn.net/person/4913
http://edh-www.adw.uni-heidelberg.de/edh/person/HD033553/1,http://data.snapdrgn.net/person/6483
http://edh-www.adw.uni-heidelberg.de/edh/person/HD055414/1,http://data.snapdrgn.net/person/5177
http://edh-www.adw.uni-heidelberg.de/edh/person/HD033406/1,http://data.snapdrgn.net/person/7149
http://edh-www.adw.uni-heidelberg.de/edh/person/HD046783/1,http://data.snapdrgn.net/person/7438
http://edh-www.adw.uni-heidelberg.de/edh/person/HD071768/1,http://data.snapdrgn.net/person/5357
http://edh-www.adw.uni-heidelberg.de/edh/person/HD011665/1,http://data.snapdrgn.net/person/6997
http://edh-www.adw.uni-heidelberg.de/edh/person/HD025536/1,http://data.snapdrgn.net/person/4883
http://edh-www.adw.uni-heidelberg.de/edh/person/HD069923/1,http://data.snapdrgn.net/person/5745
http://edh-www.adw.uni-heidelberg.de/edh/person/HD012207/1,http://data.snapdrgn.net/person/7582
http://edh-www.adw.uni-heidelberg.de/edh/person/HD043601/1,http://data.snapdrgn.net/person/5476
http://edh-www.adw.uni-heidelberg.de/edh/person/HD073558/1,http://data.snapdrgn.net/person/8062
http://edh-www.adw.uni-heidelberg.de/edh/person/HD038552/1,http://data.snapdrgn.net/person/4086
http://edh-www.adw.uni-heidelberg.de/edh/person/HD033514/1,http://data.snapdrgn.net/person/6049
http://edh-www.adw.uni-heidelberg.de/edh/person/HD048966/1,http://data.snapdrgn.net/person/8118
http://edh-www.adw.uni-heidelberg.de/edh/person/HD031435/1,http://data.snapdrgn.net/person/794
http://edh-www.adw.uni-heidelberg.de/edh/person/HD004405/1,http://data.snapdrgn.net/person/8337
http://edh-www.adw.uni-heidelberg.de/edh/person/HD044440/1,http://data.snapdrgn.net/person/10870
http://edh-www.adw.uni-heidelberg.de/edh/person/HD070070/1,http://data.snapdrgn.net/person/8095
http://edh-www.adw.uni-heidelberg.de/edh/person/HD031519/1,http://data.snapdrgn.net/person/9168
http://edh-www.adw.uni-heidelberg.de/edh/person/HD067076/1,http://data.snapdrgn.net/person/614
http://edh-www.adw.uni-heidelberg.de/edh/person/HD060438/1,http://data.snapdrgn.net/person/946
http://edh-www.adw.uni-heidelberg.de/edh/person/HD019564/1,http://data.snapdrgn.net/person/7615
http://edh-www.adw.uni-heidelberg.de/edh/person/HD032001/1,http://data.snapdrgn.net/person/1640
http://edh-www.adw.uni-heidelberg.de/edh/person/HD040155/1,http://data.snapdrgn.net/person/1043
http://edh-www.adw.uni-heidelberg.de/edh/person/HD058576/1,http://data.snapdrgn.net/person/3842
http://edh-www.adw.uni-heidelberg.de/edh/person/HD070068/1,http://data.snapdrgn.net/person/8095
http://edh-www.adw.uni-heidelberg.de/edh/person/HD020103/1,http://data.snapdrgn.net/person/6690
http://edh-www.adw.uni-heidelberg.de/edh/person/HD029466/1,http://data.snapdrgn.net/person/4624
http://edh-www.adw.uni-heidelberg.de/edh/person/HD032555/1,http://data.snapdrgn.net/person/6268
http://edh-www.adw.uni-heidelberg.de/edh/person/HD018959/1,http://data.snapdrgn.net/person/2982
http://edh-www.adw.uni-heidelberg.de/edh/person/HD047955/1,http://data.snapdrgn.net/person/7337
http://edh-www.adw.uni-heidelberg.de/edh/person/HD067899/1,http://data.snapdrgn.net/person/4913
http://edh-www.adw.uni-heidelberg.de/edh/person/HD032567/1,http://data.snapdrgn.net/person/5323
http://edh-www.adw.uni-heidelberg.de/edh/person/HD070067/1,http://data.snapdrgn.net/person/8095
http://edh-www.adw.uni-heidelberg.de/edh/person/HD033412/1,http://data.snapdrgn.net/person/9562
http://edh-www.adw.uni-heidelberg.de/edh/person/HD023556/1,http://data.snapdrgn.net/person/3382
http://edh-www.adw.uni-heidelberg.de/edh/person/HD015298/1,http://data.snapdrgn.net/person/794
http://edh-www.adw.uni-heidelberg.de/edh/person/HD067928/1,http://data.snapdrgn.net/person/3994
http://edh-www.adw.uni-heidelberg.de/edh/person/HD038517/1,http://data.snapdrgn.net/person/5978
http://edh-www.adw.uni-heidelberg.de/edh/person/HD038519/1,http://data.snapdrgn.net/person/7594
http://edh-www.adw.uni-heidelberg.de/edh/person/HD043579/1,http://data.snapdrgn.net/person/122
http://edh-www.adw.uni-heidelberg.de/edh/person/HD056334/1,http://data.snapdrgn.net/person/5622
http://edh-www.adw.uni-heidelberg.de/edh/person/HD011445/1,http://data.snapdrgn.net/person/4443
http://edh-www.adw.uni-heidelberg.de/edh/person/HD046350/1,http://data.snapdrgn.net/person/7752
http://edh-www.adw.uni-heidelberg.de/edh/person/HD072856/1,http://data.snapdrgn.net/person/9107
http://edh-www.adw.uni-heidelberg.de/edh/person/HD059010/1,http://data.snapdrgn.net/person/7517
http://edh-www.adw.uni-heidelberg.de/edh/person/HD053716/1,http://data.snapdrgn.net/person/7754
http://edh-www.adw.uni-heidelberg.de/edh/person/HD012327/1,http://data.snapdrgn.net/person/614
http://edh-www.adw.uni-heidelberg.de/edh/person/HD072588/1,http://data.snapdrgn.net/person/10398
http://edh-www.adw.uni-heidelberg.de/edh/person/HD043169/1,http://data.snapdrgn.net/person/1500
http://edh-www.adw.uni-heidelberg.de/edh/person/HD032363/1,http://data.snapdrgn.net/person/7689
http://edh-www.adw.uni-heidelberg.de/edh/person/HD032339/1,http://data.snapdrgn.net/person/3580
http://edh-www.adw.uni-heidelberg.de/edh/person/HD032558/1,http://data.snapdrgn.net/person/3251
http://edh-www.adw.uni-heidelberg.de/edh/person/HD069396/1,http://data.snapdrgn.net/person/6489
http://edh-www.adw.uni-heidelberg.de/edh/person/HD031968/1,http://data.snapdrgn.net/person/5587
http://edh-www.adw.uni-heidelberg.de/edh/person/HD033532/1,http://data.snapdrgn.net/person/9556
